Date,Time,Round,Day,Venue,Result,GF,GA,Opponent,xG,xGA,Poss,Attendance,Captain,Formation,Opp Formation,Referee,Match Report,Notes,Team,Season,xGD,GD,GD-xGD,Season-Matchday,Comp
2025-08-17,16:30,Matchweek 1,Sun,Away,W,1,0,Manchester Utd,1.3,1.5,39,73475,Martin Ødegaard,4-3-3,3-4-3,Simon Hooper,Match Report,,Arsenal,2025-2026,-0.19999999999999996,1,1.2,2025-2026Matchweek 1,Premier-League
2025-08-23,17:30,Matchweek 2,Sat,Home,W,5,0,Leeds United,2.7,0.2,67,60110,Martin Ødegaard,4-3-3,4-3-3,Jarred Gillett,Match Report,,Arsenal,2025-2026,2.5,5,2.5,2025-2026Matchweek 2,Premier-League
2025-08-31,16:30,Matchweek 3,Sun,Away,L,0,1,Liverpool,0.5,0.5,47,60455,Gabriel Magalhães,4-3-3,4-2-3-1,Chris Kavanagh,Match Report,,Arsenal,2025-2026,0.0,-1,-1.0,2025-2026Matchweek 3,Premier-League
2025-09-13,12:30,Matchweek 4,Sat,Home,W,3,0,Nott'ham Forest,1.8,0.2,54,60167,Martin Ødegaard,4-3-3,4-2-3-1,Darren England,Match Report,,Arsenal,2025-2026,1.6,3,1.4,2025-2026Matchweek 4,Premier-League
2025-09-21,16:30,Matchweek 5,Sun,Home,D,1,1,Manchester City,0.9,0.9,66,60161,Gabriel Magalhães,4-3-3,4-1-4-1,Stuart Attwell,Match Report,,Arsenal,2025-2026,0.0,0,0.0,2025-2026Matchweek 5,Premier-League
2025-09-28,16:30,Matchweek 6,Sun,Away,W,2,1,Newcastle Utd,2.0,0.6,63,52199,Bukayo Saka,4-2-3-1,4-3-3,Jarred Gillett,Match Report,,Arsenal,2025-2026,1.4,1,-0.3999999999999999,2025-2026Matchweek 6,Premier-League
2025-10-04,15:00,Matchweek 7,Sat,Home,W,2,0,West Ham,2.8,0.4,67,60181,Martin Ødegaard,4-3-3,4-1-4-1,John Brooks,Match Report,,Arsenal,2025-2026,2.4,2,-0.3999999999999999,2025-2026Matchweek 7,Premier-League
2025-10-18,17:30,Matchweek 8,Sat,Away,W,1,0,Fulham,1.8,0.4,63,27736,Bukayo Saka,4-3-3,4-2-3-1,Anthony Taylor,Match Report,,Arsenal,2025-2026,1.4,1,-0.3999999999999999,2025-2026Matchweek 8,Premier-League
2025-10-26,14:00,Matchweek 9,Sun,Home,W,1,0,Crystal Palace,0.9,0.5,59,60103,Bukayo Saka,4-3-3,3-4-3,Thomas Bramall,Match Report,,Arsenal,2025-2026,0.4,1,0.6,2025-2026Matchweek 9,Premier-League
2025-11-01,15:00,Matchweek 10,Sat,Away,W,2,0,Burnley,2.3,0.4,54,21538,Bukayo Saka,4-3-3,5-4-1,Chris Kavanagh,Match Report,,Arsenal,2025-2026,1.9,2,0.10000000000000009,2025-2026Matchweek 10,Premier-League
2025-11-08,17:30,Matchweek 11,Sat,Away,D,2,2,Sunderland,1.9,0.4,64,46799,Bukayo Saka,4-2-3-1,5-4-1,Craig Pawson,Match Report,,Arsenal,2025-2026,1.5,0,-1.5,2025-2026Matchweek 11,Premier-League
2025-08-16,12:30,Matchweek 1,Sat,Home,D,0,0,Newcastle Utd,0.2,1.4,41,42526,John McGinn,4-2-3-1,4-3-3,Craig Pawson,Match Report,,Aston Villa,2025-2026,-1.2,0,1.2,2025-2026Matchweek 1,Premier-League
2025-08-23,15:00,Matchweek 2,Sat,Away,L,0,1,Brentford,1.2,1.2,76,16838,John McGinn,4-2-3-1,4-2-3-1,Tony Harrington,Match Report,,Aston Villa,2025-2026,0.0,-1,-1.0,2025-2026Matchweek 2,Premier-League
2025-08-31,19:00,Matchweek 3,Sun,Home,L,0,3,Crystal Palace,1.1,2.6,59,41036,John McGinn,4-2-3-1,3-4-3,Stuart Attwell,Match Report,,Aston Villa,2025-2026,-1.5,-3,-1.5,2025-2026Matchweek 3,Premier-League
2025-09-13,15:00,Matchweek 4,Sat,Away,D,0,0,Everton,0.4,2.0,51,52114,John McGinn,4-2-3-1,4-2-3-1,Simon Hooper,Match Report,,Aston Villa,2025-2026,-1.6,0,1.6,2025-2026Matchweek 4,Premier-League
2025-09-21,14:00,Matchweek 5,Sun,Away,D,1,1,Sunderland,0.8,1.0,71,46261,John McGinn,4-2-3-1,4-3-3,Samuel Barrott,Match Report,,Aston Villa,2025-2026,-0.19999999999999996,0,0.19999999999999996,2025-2026Matchweek 5,Premier-League
2025-09-28,14:00,Matchweek 6,Sun,Home,W,3,1,Fulham,1.1,1.1,48,40350,John McGinn,4-2-3-1,4-2-3-1,Andy Madley,Match Report,,Aston Villa,2025-2026,0.0,2,2.0,2025-2026Matchweek 6,Premier-League
2025-10-05,14:00,Matchweek 7,Sun,Home,W,2,1,Burnley,1.1,0.4,54,40308,John McGinn,4-2-2-2,5-4-1,Andrew Kitchen,Match Report,,Aston Villa,2025-2026,0.7000000000000001,1,0.29999999999999993,2025-2026Matchweek 7,Premier-League
2025-10-19,14:00,Matchweek 8,Sun,Away,W,2,1,Tottenham,0.3,0.9,47,61291,John McGinn,4-2-3-1,4-2-3-1,Simon Hooper,Match Report,,Aston Villa,2025-2026,-0.6000000000000001,1,1.6,2025-2026Matchweek 8,Premier-League
2025-10-26,14:00,Matchweek 9,Sun,Home,W,1,0,Manchester City,0.8,1.2,47,41988,John McGinn,4-2-3-1,4-1-4-1,Michael Oliver,Match Report,,Aston Villa,2025-2026,-0.3999999999999999,1,1.4,2025-2026Matchweek 9,Premier-League
2025-11-01,20:00,Matchweek 10,Sat,Away,L,0,2,Liverpool,0.4,1.2,46,60407,John McGinn,4-2-3-1,4-2-3-1,Stuart Attwell,Match Report,,Aston Villa,2025-2026,-0.7999999999999999,-2,-1.2000000000000002,2025-2026Matchweek 10,Premier-League
2025-11-09,14:00,Matchweek 11,Sun,Home,W,4,0,Bournemouth,1.7,1.6,51,40792,John McGinn,4-4-2,4-2-3-1,John Brooks,Match Report,,Aston Villa,2025-2026,0.09999999999999987,4,3.9000000000000004,2025-2026Matchweek 11,Premier-League
2025-08-15,20:00,Matchweek 1,Fri,Away,L,2,4,Liverpool,1.7,2.2,39,60315,Adam Smith,4-1-4-1,4-2-3-1,Anthony Taylor,Match Report,,Bournemouth,2025-2026,-0.5000000000000002,-2,-1.4999999999999998,2025-2026Matchweek 1,Premier-League
2025-08-23,15:00,Matchweek 2,Sat,Home,W,1,0,Wolves,1.3,0.5,59,11070,Adam Smith,4-1-4-1,3-4-3,Thomas Bramall,Match Report,,Bournemouth,2025-2026,0.8,1,0.19999999999999996,2025-2026Matchweek 2,Premier-League
2025-08-30,15:00,Matchweek 3,Sat,Away,W,1,0,Tottenham,1.5,0.2,39,61250,Adam Smith,4-2-3-1,4-3-3,Simon Hooper,Match Report,,Bournemouth,2025-2026,1.3,1,-0.30000000000000004,2025-2026Matchweek 3,Premier-League
2025-09-13,15:00,Matchweek 4,Sat,Home,W,2,1,Brighton,1.4,0.6,51,11167,David Brooks,4-2-3-1,4-2-3-1,Peter Bankes,Match Report,,Bournemouth,2025-2026,0.7999999999999999,1,0.20000000000000007,2025-2026Matchweek 4,Premier-League
2025-09-21,14:00,Matchweek 5,Sun,Home,D,0,0,Newcastle Utd,0.5,0.2,55,11212,David Brooks,4-2-3-1,3-4-3,Robert Jones,Match Report,,Bournemouth,2025-2026,0.3,0,-0.3,2025-2026Matchweek 5,Premier-League
2025-09-27,15:00,Matchweek 6,Sat,Away,D,2,2,Leeds United,0.7,1.8,59,36574,Ryan Christie,4-2-3-1,4-3-3,Michael Oliver,Match Report,,Bournemouth,2025-2026,-1.1,0,1.1,2025-2026Matchweek 6,Premier-League
2025-10-03,20:00,Matchweek 7,Fri,Home,W,3,1,Fulham,1.2,0.9,54,11165,David Brooks,4-2-3-1,3-4-3,Simon Hooper,Match Report,,Bournemouth,2025-2026,0.29999999999999993,2,1.7000000000000002,2025-2026Matchweek 7,Premier-League
2025-10-18,15:00,Matchweek 8,Sat,Away,D,3,3,Crystal Palace,2.0,4.4,48,25125,Marcus Tavernier,4-2-3-1,3-4-3,Jarred Gillett,Match Report,,Bournemouth,2025-2026,-2.4000000000000004,0,2.4000000000000004,2025-2026Matchweek 8,Premier-League
2025-10-26,14:00,Matchweek 9,Sun,Home,W,2,0,Nott'ham Forest,0.6,0.4,52,11204,Marcus Tavernier,4-2-3-1,4-2-3-1,Samuel Barrott,Match Report,,Bournemouth,2025-2026,0.19999999999999996,2,1.8,2025-2026Matchweek 9,Premier-League
2025-11-02,16:30,Matchweek 10,Sun,Away,L,1,3,Manchester City,0.6,2.2,51,52387,David Brooks,4-2-3-1,4-3-2-1,Anthony Taylor,Match Report,,Bournemouth,2025-2026,-1.6,-2,-0.3999999999999999,2025-2026Matchweek 10,Premier-League
2025-11-09,14:00,Matchweek 11,Sun,Away,L,0,4,Aston Villa,1.6,1.7,49,40792,Adam Smith,4-2-3-1,4-4-2,John Brooks,Match Report,,Bournemouth,2025-2026,-0.09999999999999987,-4,-3.9000000000000004,2025-2026Matchweek 11,Premier-League
2025-08-17,14:00,Matchweek 1,Sun,Away,L,1,3,Nott'ham Forest,1.4,1.8,46,29949,Nathan Collins,4-2-3-1,4-2-3-1,Peter Bankes,Match Report,,Brentford,2025-2026,-0.40000000000000013,-2,-1.5999999999999999,2025-2026Matchweek 1,Premier-League
2025-08-23,15:00,Matchweek 2,Sat,Home,W,1,0,Aston Villa,1.2,1.2,24,16838,Nathan Collins,4-2-3-1,4-2-3-1,Tony Harrington,Match Report,,Brentford,2025-2026,0.0,1,1.0,2025-2026Matchweek 2,Premier-League
2025-08-30,15:00,Matchweek 3,Sat,Away,L,1,2,Sunderland,1.2,1.5,46,46267,Nathan Collins,4-2-3-1,4-3-3,Anthony Taylor,Match Report,,Brentford,2025-2026,-0.30000000000000004,-1,-0.7,2025-2026Matchweek 3,Premier-League
2025-09-13,20:00,Matchweek 4,Sat,Home,D,2,2,Chelsea,1.4,1.3,34,16795,Nathan Collins,5-3-2,4-2-3-1,Stuart Attwell,Match Report,,Brentford,2025-2026,0.09999999999999987,0,-0.09999999999999987,2025-2026Matchweek 4,Premier-League
2025-09-20,20:00,Matchweek 5,Sat,Away,L,1,3,Fulham,0.6,1.0,48,26113,Nathan Collins,5-3-2,4-2-3-1,Michael Oliver,Match Report,,Brentford,2025-2026,-0.4,-2,-1.6,2025-2026Matchweek 5,Premier-League
2025-09-27,12:30,Matchweek 6,Sat,Home,W,3,1,Manchester Utd,1.9,2.1,45,17193,Nathan Collins,4-2-3-1,3-4-3,Craig Pawson,Match Report,,Brentford,2025-2026,-0.20000000000000018,2,2.2,2025-2026Matchweek 6,Premier-League
2025-10-05,16:30,Matchweek 7,Sun,Home,L,0,1,Manchester City,0.7,0.8,31,17028,Nathan Collins,5-3-2,4-1-4-1,Darren England,Match Report,,Brentford,2025-2026,-0.10000000000000009,-1,-0.8999999999999999,2025-2026Matchweek 7,Premier-League
2025-10-20,20:00,Matchweek 8,Mon,Away,W,2,0,West Ham,2.3,0.4,56,62452,Nathan Collins,4-2-3-1,4-2-3-1,Andy Madley,Match Report,,Brentford,2025-2026,1.9,2,0.10000000000000009,2025-2026Matchweek 8,Premier-League
2025-10-25,20:00,Matchweek 9,Sat,Home,W,3,2,Liverpool,2.7,2.2,35,17214,Nathan Collins,4-2-3-1,4-2-3-1,Simon Hooper,Match Report,,Brentford,2025-2026,0.5,1,0.5,2025-2026Matchweek 9,Premier-League
2025-11-01,15:00,Matchweek 10,Sat,Away,L,0,2,Crystal Palace,0.5,0.7,63,25083,Nathan Collins,4-2-3-1,3-4-3,Peter Bankes,Match Report,,Brentford,2025-2026,-0.19999999999999996,-2,-1.8,2025-2026Matchweek 10,Premier-League
2025-11-09,14:00,Matchweek 11,Sun,Home,W,3,1,Newcastle Utd,2.3,0.4,50,17207,Nathan Collins,4-2-3-1,4-3-3,Stuart Attwell,Match Report,,Brentford,2025-2026,1.9,2,0.10000000000000009,2025-2026Matchweek 11,Premier-League
2025-08-16,15:00,Matchweek 1,Sat,Home,D,1,1,Fulham,1.5,0.7,49,31478,Lewis Dunk,4-2-3-1,4-2-3-1,Samuel Barrott,Match Report,,Brighton,2025-2026,0.8,0,-0.8,2025-2026Matchweek 1,Premier-League
2025-08-24,14:00,Matchweek 2,Sun,Away,L,0,2,Everton,2.4,1.6,58,51759,Lewis Dunk,4-2-3-1,4-2-3-1,Stuart Attwell,Match Report,,Brighton,2025-2026,0.7999999999999998,-2,-2.8,2025-2026Matchweek 2,Premier-League
2025-08-31,14:00,Matchweek 3,Sun,Home,W,2,1,Manchester City,2.2,1.8,37,31485,Lewis Dunk,4-2-3-1,4-3-3,Darren England,Match Report,,Brighton,2025-2026,0.40000000000000013,1,0.5999999999999999,2025-2026Matchweek 3,Premier-League
2025-09-13,15:00,Matchweek 4,Sat,Away,L,1,2,Bournemouth,0.6,1.4,49,11167,Lewis Dunk,4-2-3-1,4-2-3-1,Peter Bankes,Match Report,,Brighton,2025-2026,-0.7999999999999999,-1,-0.20000000000000007,2025-2026Matchweek 4,Premier-League
2025-09-20,15:00,Matchweek 5,Sat,Home,D,2,2,Tottenham,1.3,1.2,36,31488,Lewis Dunk,4-2-3-1,4-3-3,Chris Kavanagh,Match Report,,Brighton,2025-2026,0.10000000000000009,0,-0.10000000000000009,2025-2026Matchweek 5,Premier-League
2025-09-27,15:00,Matchweek 6,Sat,Away,W,3,1,Chelsea,2.3,1.8,41,39597,Lewis Dunk,4-2-3-1,4-3-3,Simon Hooper,Match Report,,Brighton,2025-2026,0.4999999999999998,2,1.5000000000000002,2025-2026Matchweek 6,Premier-League
2025-10-05,14:00,Matchweek 7,Sun,Away,D,1,1,Wolves,0.9,0.6,59,29504,Lewis Dunk,4-2-3-1,4-3-3,Jarred Gillett,Match Report,,Brighton,2025-2026,0.30000000000000004,0,-0.30000000000000004,2025-2026Matchweek 7,Premier-League
2025-10-18,15:00,Matchweek 8,Sat,Home,W,2,1,Newcastle Utd,0.9,1.4,45,31620,Lewis Dunk,4-2-3-1,4-3-3,Craig Pawson,Match Report,,Brighton,2025-2026,-0.4999999999999999,1,1.5,2025-2026Matchweek 8,Premier-League
2025-10-25,17:30,Matchweek 9,Sat,Away,L,2,4,Manchester Utd,1.1,1.3,56,74124,Lewis Dunk,4-2-3-1,3-4-3,Anthony Taylor,Match Report,,Brighton,2025-2026,-0.19999999999999996,-2,-1.8,2025-2026Matchweek 9,Premier-League
2025-11-01,15:00,Matchweek 10,Sat,Home,W,3,0,Leeds United,3.0,0.5,50,31512,Lewis Dunk,4-2-3-1,4-1-4-1,Michael Oliver,Match Report,,Brighton,2025-2026,2.5,3,0.5,2025-2026Matchweek 10,Premier-League
2025-11-09,14:00,Matchweek 11,Sun,Away,D,0,0,Crystal Palace,0.4,0.7,57,24326,Lewis Dunk,4-2-3-1,3-4-3,Tim Robinson,Match Report,,Brighton,2025-2026,-0.29999999999999993,0,0.29999999999999993,2025-2026Matchweek 11,Premier-League
2025-08-17,14:00,Matchweek 1,Sun,Home,D,0,0,Crystal Palace,1.6,0.6,71,39678,Reece James,4-2-3-1,3-4-3,Darren England,Match Report,,Chelsea,2025-2026,1.0,0,-1.0,2025-2026Matchweek 1,Premier-League
2025-08-22,20:00,Matchweek 2,Fri,Away,W,5,1,West Ham,2.7,0.7,58,62462,Enzo Fernández,4-2-3-1,3-4-1-2,Michael Oliver,Match Report,,Chelsea,2025-2026,2.0,4,2.0,2025-2026Matchweek 2,Premier-League
2025-08-30,12:30,Matchweek 3,Sat,Home,W,2,0,Fulham,2.1,0.9,54,39745,Enzo Fernández,4-2-3-1,4-2-3-1,Robert Jones,Match Report,,Chelsea,2025-2026,1.2000000000000002,2,0.7999999999999998,2025-2026Matchweek 3,Premier-League
2025-09-13,20:00,Matchweek 4,Sat,Away,D,2,2,Brentford,1.3,1.4,66,16795,Enzo Fernández,4-2-3-1,5-3-2,Stuart Attwell,Match Report,,Chelsea,2025-2026,-0.09999999999999987,0,0.09999999999999987,2025-2026Matchweek 4,Premier-League
2025-09-20,17:30,Matchweek 5,Sat,Away,L,1,2,Manchester Utd,0.4,1.8,58,74124,Reece James,4-2-3-1,3-4-3,Peter Bankes,Match Report,,Chelsea,2025-2026,-1.4,-1,0.3999999999999999,2025-2026Matchweek 5,Premier-League
2025-09-27,15:00,Matchweek 6,Sat,Home,L,1,3,Brighton,1.8,2.3,59,39597,Reece James,4-3-3,4-2-3-1,Simon Hooper,Match Report,,Chelsea,2025-2026,-0.4999999999999998,-2,-1.5000000000000002,2025-2026Matchweek 6,Premier-League
2025-10-04,17:30,Matchweek 7,Sat,Home,W,2,1,Liverpool,1.0,1.9,53,39538,Reece James,4-2-3-1,4-2-3-1,Anthony Taylor,Match Report,,Chelsea,2025-2026,-0.8999999999999999,1,1.9,2025-2026Matchweek 7,Premier-League
2025-10-18,12:30,Matchweek 8,Sat,Away,W,3,0,Nott'ham Forest,1.7,2.2,50,30495,Reece James,4-2-3-1,5-3-2,Chris Kavanagh,Match Report,,Chelsea,2025-2026,-0.5000000000000002,3,3.5,2025-2026Matchweek 8,Premier-League
2025-10-25,15:00,Matchweek 9,Sat,Home,L,1,2,Sunderland,0.9,1.2,68,39489,Reece James,4-2-3-1,5-4-1,Andy Madley,Match Report,,Chelsea,2025-2026,-0.29999999999999993,-1,-0.7000000000000001,2025-2026Matchweek 9,Premier-League
2025-11-01,17:30,Matchweek 10,Sat,Away,W,1,0,Tottenham,3.7,0.1,52,61202,Reece James,4-2-3-1,4-2-3-1,Jarred Gillett,Match Report,,Chelsea,2025-2026,3.6,1,-2.6,2025-2026Matchweek 10,Premier-League
2025-11-08,20:00,Matchweek 11,Sat,Home,W,3,0,Wolves,3.3,0.2,63,39467,Enzo Fernández,4-2-3-1,5-3-2,Andrew Kitchen,Match Report,,Chelsea,2025-2026,3.0999999999999996,3,-0.09999999999999964,2025-2026Matchweek 11,Premier-League
2025-08-17,14:00,Matchweek 1,Sun,Away,D,0,0,Chelsea,0.6,1.6,29,39678,Marc Guéhi,3-4-3,4-2-3-1,Darren England,Match Report,,Crystal Palace,2025-2026,-1.0,0,1.0,2025-2026Matchweek 1,Premier-League
2025-08-24,14:00,Matchweek 2,Sun,Home,D,1,1,Nott'ham Forest,1.1,0.9,42,24876,Marc Guéhi,3-4-3,4-2-3-1,Anthony Taylor,Match Report,,Crystal Palace,2025-2026,0.20000000000000007,0,-0.20000000000000007,2025-2026Matchweek 2,Premier-League
2025-08-31,19:00,Matchweek 3,Sun,Away,W,3,0,Aston Villa,2.6,1.1,41,41036,Marc Guéhi,3-4-3,4-2-3-1,Stuart Attwell,Match Report,,Crystal Palace,2025-2026,1.5,3,1.5,2025-2026Matchweek 3,Premier-League
2025-09-13,15:00,Matchweek 4,Sat,Home,D,0,0,Sunderland,1.8,0.4,56,25154,Marc Guéhi,3-4-3,4-3-3,Thomas Bramall,Match Report,,Crystal Palace,2025-2026,1.4,0,-1.4,2025-2026Matchweek 4,Premier-League
2025-09-20,15:00,Matchweek 5,Sat,Away,W,2,1,West Ham,2.1,0.6,43,62455,Marc Guéhi,3-4-3,4-3-3,Tony Harrington,Match Report,,Crystal Palace,2025-2026,1.5,1,-0.5,2025-2026Matchweek 5,Premier-League
2025-09-27,15:00,Matchweek 6,Sat,Home,W,2,1,Liverpool,2.9,2.1,29,25118,Marc Guéhi,3-4-3,4-2-3-1,Chris Kavanagh,Match Report,,Crystal Palace,2025-2026,0.7999999999999998,1,0.20000000000000018,2025-2026Matchweek 6,Premier-League
2025-10-05,14:00,Matchweek 7,Sun,Away,L,1,2,Everton,1.5,2.0,49,51770,Marc Guéhi,3-4-3,4-2-3-1,Michael Salisbury,Match Report,,Crystal Palace,2025-2026,-0.5,-1,-0.5,2025-2026Matchweek 7,Premier-League
2025-10-18,15:00,Matchweek 8,Sat,Home,D,3,3,Bournemouth,4.4,2.0,52,25125,Marc Guéhi,3-4-3,4-2-3-1,Jarred Gillett,Match Report,,Crystal Palace,2025-2026,2.4000000000000004,0,-2.4000000000000004,2025-2026Matchweek 8,Premier-League
2025-10-26,14:00,Matchweek 9,Sun,Away,L,0,1,Arsenal,0.5,0.9,41,60103,Marc Guéhi,3-4-3,4-3-3,Thomas Bramall,Match Report,,Crystal Palace,2025-2026,-0.4,-1,-0.6,2025-2026Matchweek 9,Premier-League
2025-11-01,15:00,Matchweek 10,Sat,Home,W,2,0,Brentford,0.7,0.5,37,25083,Marc Guéhi,3-4-3,4-2-3-1,Peter Bankes,Match Report,,Crystal Palace,2025-2026,0.19999999999999996,2,1.8,2025-2026Matchweek 10,Premier-League
2025-11-09,14:00,Matchweek 11,Sun,Home,D,0,0,Brighton,0.7,0.4,43,24326,Dean Henderson,3-4-3,4-2-3-1,Tim Robinson,Match Report,,Crystal Palace,2025-2026,0.29999999999999993,0,-0.29999999999999993,2025-2026Matchweek 11,Premier-League
2025-08-18,20:00,Matchweek 1,Mon,Away,L,0,1,Leeds United,0.8,2.0,46,36820,James Tarkowski,4-2-3-1,4-3-3,Chris Kavanagh,Match Report,,Everton,2025-2026,-1.2,-1,0.19999999999999996,2025-2026Matchweek 1,Premier-League
2025-08-24,14:00,Matchweek 2,Sun,Home,W,2,0,Brighton,1.6,2.4,42,51759,James Tarkowski,4-2-3-1,4-2-3-1,Stuart Attwell,Match Report,,Everton,2025-2026,-0.7999999999999998,2,2.8,2025-2026Matchweek 2,Premier-League
2025-08-30,15:00,Matchweek 3,Sat,Away,W,3,2,Wolves,1.9,1.1,42,30271,James Tarkowski,4-2-3-1,3-4-3,Michael Oliver,Match Report,,Everton,2025-2026,0.7999999999999998,1,0.20000000000000018,2025-2026Matchweek 3,Premier-League
2025-09-13,15:00,Matchweek 4,Sat,Home,D,0,0,Aston Villa,2.0,0.4,49,52114,James Tarkowski,4-2-3-1,4-2-3-1,Simon Hooper,Match Report,,Everton,2025-2026,1.6,0,-1.6,2025-2026Matchweek 4,Premier-League
2025-09-20,12:30,Matchweek 5,Sat,Away,L,1,2,Liverpool,0.7,0.9,43,60342,James Tarkowski,4-2-3-1,4-2-3-1,Darren England,Match Report,,Everton,2025-2026,-0.20000000000000007,-1,-0.7999999999999999,2025-2026Matchweek 5,Premier-League
2025-09-29,20:00,Matchweek 6,Mon,Home,D,1,1,West Ham,0.7,1.2,51,51890,James Tarkowski,4-2-3-1,4-1-4-1,Samuel Barrott,Match Report,,Everton,2025-2026,-0.5,0,0.5,2025-2026Matchweek 6,Premier-League
2025-10-05,14:00,Matchweek 7,Sun,Home,W,2,1,Crystal Palace,2.0,1.5,51,51770,James Tarkowski,4-2-3-1,3-4-3,Michael Salisbury,Match Report,,Everton,2025-2026,0.5,1,0.5,2025-2026Matchweek 7,Premier-League
2025-10-18,15:00,Matchweek 8,Sat,Away,L,0,2,Manchester City,1.1,2.3,29,52498,James Tarkowski,4-2-3-1,4-1-4-1,Tony Harrington,Match Report,,Everton,2025-2026,-1.1999999999999997,-2,-0.8000000000000003,2025-2026Matchweek 8,Premier-League
2025-10-26,16:30,Matchweek 9,Sun,Home,L,0,3,Tottenham,1.7,1.7,53,51781,James Tarkowski,4-2-3-1,4-2-3-1,Craig Pawson,Match Report,,Everton,2025-2026,0.0,-3,-3.0,2025-2026Matchweek 9,Premier-League
2025-11-03,20:00,Matchweek 10,Mon,Away,D,1,1,Sunderland,0.9,1.2,40,41476,James Tarkowski,4-2-3-1,3-4-3,Thomas Bramall,Match Report,,Everton,2025-2026,-0.29999999999999993,0,0.29999999999999993,2025-2026Matchweek 10,Premier-League
2025-11-08,15:00,Matchweek 11,Sat,Home,W,2,0,Fulham,1.4,0.4,51,52491,James Tarkowski,4-2-3-1,4-2-3-1,Andy Madley,Match Report,,Everton,2025-2026,0.9999999999999999,2,1.0,2025-2026Matchweek 11,Premier-League
2025-08-16,15:00,Matchweek 1,Sat,Away,D,1,1,Brighton,0.7,1.5,51,31478,Bernd Leno,4-2-3-1,4-2-3-1,Samuel Barrott,Match Report,,Fulham,2025-2026,-0.8,0,0.8,2025-2026Matchweek 1,Premier-League
2025-08-24,16:30,Matchweek 2,Sun,Home,D,1,1,Manchester Utd,1.7,1.6,53,27512,Bernd Leno,4-2-3-1,3-4-3,Chris Kavanagh,Match Report,,Fulham,2025-2026,0.09999999999999987,0,-0.09999999999999987,2025-2026Matchweek 2,Premier-League
2025-08-30,12:30,Matchweek 3,Sat,Away,L,0,2,Chelsea,0.9,2.1,46,39745,Bernd Leno,4-2-3-1,4-2-3-1,Robert Jones,Match Report,,Fulham,2025-2026,-1.2000000000000002,-2,-0.7999999999999998,2025-2026Matchweek 3,Premier-League
2025-09-13,15:00,Matchweek 4,Sat,Home,W,1,0,Leeds United,0.9,0.8,54,27327,Joachim Andersen,4-2-3-1,4-3-3,Craig Pawson,Match Report,,Fulham,2025-2026,0.09999999999999998,1,0.9,2025-2026Matchweek 4,Premier-League
2025-09-20,20:00,Matchweek 5,Sat,Home,W,3,1,Brentford,1.0,0.6,52,26113,Joachim Andersen,4-2-3-1,5-3-2,Michael Oliver,Match Report,,Fulham,2025-2026,0.4,2,1.6,2025-2026Matchweek 5,Premier-League
2025-09-28,14:00,Matchweek 6,Sun,Away,L,1,3,Aston Villa,1.1,1.1,52,40350,Joachim Andersen,4-2-3-1,4-2-3-1,Andy Madley,Match Report,,Fulham,2025-2026,0.0,-2,-2.0,2025-2026Matchweek 6,Premier-League
2025-10-03,20:00,Matchweek 7,Fri,Away,L,1,3,Bournemouth,0.9,1.2,46,11165,Joachim Andersen,3-4-3,4-2-3-1,Simon Hooper,Match Report,,Fulham,2025-2026,-0.29999999999999993,-2,-1.7000000000000002,2025-2026Matchweek 7,Premier-League
2025-10-18,17:30,Matchweek 8,Sat,Home,L,0,1,Arsenal,0.4,1.8,37,27736,Tom Cairney,4-2-3-1,4-3-3,Anthony Taylor,Match Report,,Fulham,2025-2026,-1.4,-1,0.3999999999999999,2025-2026Matchweek 8,Premier-League
2025-10-25,15:00,Matchweek 9,Sat,Away,L,1,2,Newcastle Utd,1.3,2.1,49,52152,Bernd Leno,4-2-3-1,4-3-3,Peter Bankes,Match Report,,Fulham,2025-2026,-0.8,-1,-0.19999999999999996,2025-2026Matchweek 9,Premier-League
2025-11-01,15:00,Matchweek 10,Sat,Home,W,3,0,Wolves,1.3,0.2,64,26413,Joachim Andersen,4-2-3-1,5-3-2,John Brooks,Match Report,,Fulham,2025-2026,1.1,3,1.9,2025-2026Matchweek 10,Premier-League
2025-11-08,15:00,Matchweek 11,Sat,Away,L,0,2,Everton,0.4,1.4,49,52491,Joachim Andersen,4-2-3-1,4-2-3-1,Andy Madley,Match Report,,Fulham,2025-2026,-0.9999999999999999,-2,-1.0,2025-2026Matchweek 11,Premier-League
2025-08-16,15:00,Matchweek 1,Sat,Home,W,3,0,West Ham,0.7,0.6,38,46233,Granit Xhaka,4-3-3,3-4-1-2,Robert Jones,Match Report,,Sunderland,2025-2026,0.09999999999999998,3,2.9,2025-2026Matchweek 1,Premier-League
2025-08-23,15:00,Matchweek 2,Sat,Away,L,0,2,Burnley,0.8,1.0,58,21285,Granit Xhaka,4-3-3,4-2-3-1,Michael Salisbury,Match Report,,Sunderland,2025-2026,-0.19999999999999996,-2,-1.8,2025-2026Matchweek 2,Premier-League
2025-08-30,15:00,Matchweek 3,Sat,Home,W,2,1,Brentford,1.5,1.2,54,46267,Granit Xhaka,4-3-3,4-2-3-1,Anthony Taylor,Match Report,,Sunderland,2025-2026,0.30000000000000004,1,0.7,2025-2026Matchweek 3,Premier-League
2025-09-13,15:00,Matchweek 4,Sat,Away,D,0,0,Crystal Palace,0.4,1.8,44,25154,Granit Xhaka,4-3-3,3-4-3,Thomas Bramall,Match Report,,Sunderland,2025-2026,-1.4,0,1.4,2025-2026Matchweek 4,Premier-League
2025-09-21,14:00,Matchweek 5,Sun,Home,D,1,1,Aston Villa,1.0,0.8,29,46261,Granit Xhaka,4-3-3,4-2-3-1,Samuel Barrott,Match Report,,Sunderland,2025-2026,0.19999999999999996,0,-0.19999999999999996,2025-2026Matchweek 5,Premier-League
2025-09-27,17:30,Matchweek 6,Sat,Away,W,1,0,Nott'ham Forest,1.6,1.6,35,30226,Granit Xhaka,4-2-3-1,4-2-3-1,Tony Harrington,Match Report,,Sunderland,2025-2026,0.0,1,1.0,2025-2026Matchweek 6,Premier-League
2025-10-04,15:00,Matchweek 7,Sat,Away,L,0,2,Manchester Utd,0.7,1.8,50,74004,Granit Xhaka,4-2-3-1,3-4-3,Stuart Attwell,Match Report,,Sunderland,2025-2026,-1.1,-2,-0.8999999999999999,2025-2026Matchweek 7,Premier-League
2025-10-18,15:00,Matchweek 8,Sat,Home,W,2,0,Wolves,0.6,0.8,41,46578,Granit Xhaka,4-2-3-1,4-3-3,Robert Jones,Match Report,,Sunderland,2025-2026,-0.20000000000000007,2,2.2,2025-2026Matchweek 8,Premier-League
2025-10-25,15:00,Matchweek 9,Sat,Away,W,2,1,Chelsea,1.2,0.9,32,39489,Granit Xhaka,5-4-1,4-2-3-1,Andy Madley,Match Report,,Sunderland,2025-2026,0.29999999999999993,1,0.7000000000000001,2025-2026Matchweek 9,Premier-League
2025-11-03,20:00,Matchweek 10,Mon,Home,D,1,1,Everton,1.2,0.9,60,41476,Granit Xhaka,3-4-3,4-2-3-1,Thomas Bramall,Match Report,,Sunderland,2025-2026,0.29999999999999993,0,-0.29999999999999993,2025-2026Matchweek 10,Premier-League
2025-11-08,17:30,Matchweek 11,Sat,Home,D,2,2,Arsenal,0.4,1.9,36,46799,Granit Xhaka,5-4-1,4-2-3-1,Craig Pawson,Match Report,,Sunderland,2025-2026,-1.5,0,1.5,2025-2026Matchweek 11,Premier-League
2025-08-18,20:00,Matchweek 1,Mon,Home,W,1,0,Everton,2.0,0.8,54,36820,Ethan Ampadu,4-3-3,4-2-3-1,Chris Kavanagh,Match Report,,Leeds United,2025-2026,1.2,1,-0.19999999999999996,2025-2026Matchweek 1,Premier-League
2025-08-23,17:30,Matchweek 2,Sat,Away,L,0,5,Arsenal,0.2,2.7,33,60110,Pascal Struijk,4-3-3,4-3-3,Jarred Gillett,Match Report,,Leeds United,2025-2026,-2.5,-5,-2.5,2025-2026Matchweek 2,Premier-League
2025-08-30,17:30,Matchweek 3,Sat,Home,D,0,0,Newcastle Utd,0.7,0.5,43,36727,Pascal Struijk,4-3-3,5-3-2,Peter Bankes,Match Report,,Leeds United,2025-2026,0.19999999999999996,0,-0.19999999999999996,2025-2026Matchweek 3,Premier-League
2025-09-13,15:00,Matchweek 4,Sat,Away,L,0,1,Fulham,0.8,0.9,46,27327,Ethan Ampadu,4-3-3,4-2-3-1,Craig Pawson,Match Report,,Leeds United,2025-2026,-0.09999999999999998,-1,-0.9,2025-2026Matchweek 4,Premier-League
2025-09-20,15:00,Matchweek 5,Sat,Away,W,3,1,Wolves,0.5,1.8,44,30807,Ethan Ampadu,4-3-3,3-4-3,Anthony Taylor,Match Report,,Leeds United,2025-2026,-1.3,2,3.3,2025-2026Matchweek 5,Premier-League
2025-09-27,15:00,Matchweek 6,Sat,Home,D,2,2,Bournemouth,1.8,0.7,41,36574,Ethan Ampadu,4-3-3,4-2-3-1,Michael Oliver,Match Report,,Leeds United,2025-2026,1.1,0,-1.1,2025-2026Matchweek 6,Premier-League
2025-10-04,12:30,Matchweek 7,Sat,Home,L,1,2,Tottenham,1.7,0.6,56,36703,Ethan Ampadu,4-3-3,4-2-3-1,Thomas Bramall,Match Report,,Leeds United,2025-2026,1.1,-1,-2.1,2025-2026Matchweek 7,Premier-League
2025-10-18,15:00,Matchweek 8,Sat,Away,L,0,2,Burnley,2.4,0.5,68,21646,Ethan Ampadu,4-3-3,4-2-3-1,Tim Robinson,Match Report,,Leeds United,2025-2026,1.9,-2,-3.9,2025-2026Matchweek 8,Premier-League
2025-10-24,20:00,Matchweek 9,Fri,Home,W,2,1,West Ham,1.5,0.6,41,36788,Ethan Ampadu,4-3-3,3-4-3,Stuart Attwell,Match Report,,Leeds United,2025-2026,0.9,1,0.09999999999999998,2025-2026Matchweek 9,Premier-League
2025-11-01,15:00,Matchweek 10,Sat,Away,L,0,3,Brighton,0.5,3.0,50,31512,Ethan Ampadu,4-1-4-1,4-2-3-1,Michael Oliver,Match Report,,Leeds United,2025-2026,-2.5,-3,-0.5,2025-2026Matchweek 10,Premier-League
2025-11-09,14:00,Matchweek 11,Sun,Away,L,1,3,Nott'ham Forest,0.7,2.5,54,30708,Ethan Ampadu,4-3-3,4-2-3-1,Jarred Gillett,Match Report,,Leeds United,2025-2026,-1.8,-2,-0.19999999999999996,2025-2026Matchweek 11,Premier-League
2025-08-16,15:00,Matchweek 1,Sat,Away,L,0,3,Tottenham,0.9,2.3,34,61077,Josh Cullen,5-4-1,4-3-3,Michael Oliver,Match Report,,Burnley,2025-2026,-1.4,-3,-1.6,2025-2026Matchweek 1,Premier-League
2025-08-23,15:00,Matchweek 2,Sat,Home,W,2,0,Sunderland,1.0,0.8,42,21285,Josh Cullen,4-2-3-1,4-3-3,Michael Salisbury,Match Report,,Burnley,2025-2026,0.19999999999999996,2,1.8,2025-2026Matchweek 2,Premier-League
2025-08-30,15:00,Matchweek 3,Sat,Away,L,2,3,Manchester Utd,1.2,3.6,38,74257,Josh Cullen,4-2-3-1,3-4-3,Samuel Barrott,Match Report,,Burnley,2025-2026,-2.4000000000000004,-1,1.4000000000000004,2025-2026Matchweek 3,Premier-League
2025-09-14,14:00,Matchweek 4,Sun,Home,L,0,1,Liverpool,0.1,2.6,20,21678,Josh Cullen,5-4-1,4-2-3-1,Michael Oliver,Match Report,,Burnley,2025-2026,-2.5,-1,1.5,2025-2026Matchweek 4,Premier-League
2025-09-20,15:00,Matchweek 5,Sat,Home,D,1,1,Nott'ham Forest,0.9,1.1,37,21475,Josh Cullen,5-4-1,4-2-3-1,Thomas Bramall,Match Report,,Burnley,2025-2026,-0.20000000000000007,0,0.20000000000000007,2025-2026Matchweek 5,Premier-League
2025-09-27,15:00,Matchweek 6,Sat,Away,L,1,5,Manchester City,0.4,2.0,32,52427,Josh Cullen,5-4-1,4-1-4-1,Robert Jones,Match Report,,Burnley,2025-2026,-1.6,-4,-2.4,2025-2026Matchweek 6,Premier-League
2025-10-05,14:00,Matchweek 7,Sun,Away,L,1,2,Aston Villa,0.4,1.1,46,40308,Josh Cullen,5-4-1,4-2-2-2,Andrew Kitchen,Match Report,,Burnley,2025-2026,-0.7000000000000001,-1,-0.29999999999999993,2025-2026Matchweek 7,Premier-League
2025-10-18,15:00,Matchweek 8,Sat,Home,W,2,0,Leeds United,0.5,2.4,32,21646,Josh Cullen,4-2-3-1,4-3-3,Tim Robinson,Match Report,,Burnley,2025-2026,-1.9,2,3.9,2025-2026Matchweek 8,Premier-League
2025-10-26,14:00,Matchweek 9,Sun,Away,W,3,2,Wolves,1.4,2.3,43,29116,Josh Cullen,4-2-3-1,4-3-3,Tony Harrington,Match Report,,Burnley,2025-2026,-0.8999999999999999,1,1.9,2025-2026Matchweek 9,Premier-League
2025-11-01,15:00,Matchweek 10,Sat,Home,L,0,2,Arsenal,0.4,2.3,46,21538,Josh Cullen,5-4-1,4-3-3,Chris Kavanagh,Match Report,,Burnley,2025-2026,-1.9,-2,-0.10000000000000009,2025-2026Matchweek 10,Premier-League
2025-11-08,15:00,Matchweek 11,Sat,Away,L,2,3,West Ham,1.0,3.0,57,62449,Josh Cullen,4-2-3-1,4-3-3,Michael Salisbury,Match Report,,Burnley,2025-2026,-2.0,-1,1.0,2025-2026Matchweek 11,Premier-League
2025-08-15,20:00,Matchweek 1,Fri,Home,W,4,2,Bournemouth,2.2,1.7,61,60315,Virgil van Dijk,4-2-3-1,4-1-4-1,Anthony Taylor,Match Report,,Liverpool,2025-2026,0.5000000000000002,2,1.4999999999999998,2025-2026Matchweek 1,Premier-League
2025-08-25,20:00,Matchweek 2,Mon,Away,W,3,2,Newcastle Utd,0.7,1.0,62,52230,Virgil van Dijk,4-2-3-1,4-3-3,Simon Hooper,Match Report,,Liverpool,2025-2026,-0.30000000000000004,1,1.3,2025-2026Matchweek 2,Premier-League
2025-08-31,16:30,Matchweek 3,Sun,Home,W,1,0,Arsenal,0.5,0.5,53,60455,Virgil van Dijk,4-2-3-1,4-3-3,Chris Kavanagh,Match Report,,Liverpool,2025-2026,0.0,1,1.0,2025-2026Matchweek 3,Premier-League
2025-09-14,14:00,Matchweek 4,Sun,Away,W,1,0,Burnley,2.6,0.1,80,21678,Virgil van Dijk,4-2-3-1,5-4-1,Michael Oliver,Match Report,,Liverpool,2025-2026,2.5,1,-1.5,2025-2026Matchweek 4,Premier-League
2025-09-20,12:30,Matchweek 5,Sat,Home,W,2,1,Everton,0.9,0.7,57,60342,Virgil van Dijk,4-2-3-1,4-2-3-1,Darren England,Match Report,,Liverpool,2025-2026,0.20000000000000007,1,0.7999999999999999,2025-2026Matchweek 5,Premier-League
2025-09-27,15:00,Matchweek 6,Sat,Away,L,1,2,Crystal Palace,2.1,2.9,71,25118,Virgil van Dijk,4-2-3-1,3-4-3,Chris Kavanagh,Match Report,,Liverpool,2025-2026,-0.7999999999999998,-1,-0.20000000000000018,2025-2026Matchweek 6,Premier-League
2025-10-04,17:30,Matchweek 7,Sat,Away,L,1,2,Chelsea,1.9,1.0,47,39538,Virgil van Dijk,4-2-3-1,4-2-3-1,Anthony Taylor,Match Report,,Liverpool,2025-2026,0.8999999999999999,-1,-1.9,2025-2026Matchweek 7,Premier-League
2025-10-19,16:30,Matchweek 8,Sun,Home,L,1,2,Manchester Utd,2.6,1.3,64,60337,Virgil van Dijk,4-2-3-1,3-4-3,Michael Oliver,Match Report,,Liverpool,2025-2026,1.3,-1,-2.3,2025-2026Matchweek 8,Premier-League
2025-10-25,20:00,Matchweek 9,Sat,Away,L,2,3,Brentford,2.2,2.7,65,17214,Virgil van Dijk,4-2-3-1,4-2-3-1,Simon Hooper,Match Report,,Liverpool,2025-2026,-0.5,-1,-0.5,2025-2026Matchweek 9,Premier-League
2025-11-01,20:00,Matchweek 10,Sat,Home,W,2,0,Aston Villa,1.2,0.4,54,60407,Virgil van Dijk,4-2-3-1,4-2-3-1,Stuart Attwell,Match Report,,Liverpool,2025-2026,0.7999999999999999,2,1.2000000000000002,2025-2026Matchweek 10,Premier-League
2025-11-09,16:30,Matchweek 11,Sun,Away,L,0,3,Manchester City,0.7,1.5,51,52432,Virgil van Dijk,4-2-3-1,4-3-3,Chris Kavanagh,Match Report,,Liverpool,2025-2026,-0.8,-3,-2.2,2025-2026Matchweek 11,Premier-League
2025-08-16,17:30,Matchweek 1,Sat,Away,W,4,0,Wolves,2.4,0.6,58,31456,Bernardo Silva,4-3-3,3-4-3,Jarred Gillett,Match Report,,Manchester City,2025-2026,1.7999999999999998,4,2.2,2025-2026Matchweek 1,Premier-League
2025-08-23,12:30,Matchweek 2,Sat,Home,L,0,2,Tottenham,1.6,1.1,61,51785,Rúben Dias,4-1-4-1,4-3-3,Peter Bankes,Match Report,,Manchester City,2025-2026,0.5,-2,-2.5,2025-2026Matchweek 2,Premier-League
2025-08-31,14:00,Matchweek 3,Sun,Away,L,1,2,Brighton,1.8,2.2,63,31485,Bernardo Silva,4-3-3,4-2-3-1,Darren England,Match Report,,Manchester City,2025-2026,-0.40000000000000013,-1,-0.5999999999999999,2025-2026Matchweek 3,Premier-League
2025-09-14,16:30,Matchweek 4,Sun,Home,W,3,0,Manchester Utd,2.7,1.2,46,52534,Bernardo Silva,4-1-4-1,3-4-3,Anthony Taylor,Match Report,,Manchester City,2025-2026,1.5000000000000002,3,1.4999999999999998,2025-2026Matchweek 4,Premier-League
2025-09-21,16:30,Matchweek 5,Sun,Away,D,1,1,Arsenal,0.9,0.9,34,60161,Bernardo Silva,4-1-4-1,4-3-3,Stuart Attwell,Match Report,,Manchester City,2025-2026,0.0,0,0.0,2025-2026Matchweek 5,Premier-League
2025-09-27,15:00,Matchweek 6,Sat,Home,W,5,1,Burnley,2.0,0.4,68,52427,Rúben Dias,4-1-4-1,5-4-1,Robert Jones,Match Report,,Manchester City,2025-2026,1.6,4,2.4,2025-2026Matchweek 6,Premier-League
2025-10-05,16:30,Matchweek 7,Sun,Away,W,1,0,Brentford,0.8,0.7,69,17028,Rúben Dias,4-1-4-1,5-3-2,Darren England,Match Report,,Manchester City,2025-2026,0.10000000000000009,1,0.8999999999999999,2025-2026Matchweek 7,Premier-League
2025-10-18,15:00,Matchweek 8,Sat,Home,W,2,0,Everton,2.3,1.1,71,52498,Rúben Dias,4-1-4-1,4-2-3-1,Tony Harrington,Match Report,,Manchester City,2025-2026,1.1999999999999997,2,0.8000000000000003,2025-2026Matchweek 8,Premier-League
2025-10-26,14:00,Matchweek 9,Sun,Away,L,0,1,Aston Villa,1.2,0.8,53,41988,Bernardo Silva,4-1-4-1,4-2-3-1,Michael Oliver,Match Report,,Manchester City,2025-2026,0.3999999999999999,-1,-1.4,2025-2026Matchweek 9,Premier-League
2025-11-02,16:30,Matchweek 10,Sun,Home,W,3,1,Bournemouth,2.2,0.6,49,52387,Bernardo Silva,4-3-2-1,4-2-3-1,Anthony Taylor,Match Report,,Manchester City,2025-2026,1.6,2,0.3999999999999999,2025-2026Matchweek 10,Premier-League
2025-11-09,16:30,Matchweek 11,Sun,Home,W,3,0,Liverpool,1.5,0.7,49,52432,Bernardo Silva,4-3-3,4-2-3-1,Chris Kavanagh,Match Report,,Manchester City,2025-2026,0.8,3,2.2,2025-2026Matchweek 11,Premier-League
2025-08-17,16:30,Matchweek 1,Sun,Home,L,0,1,Arsenal,1.5,1.3,61,73475,Bruno Fernandes,3-4-3,4-3-3,Simon Hooper,Match Report,,Manchester United,2025-2026,0.19999999999999996,-1,-1.2,2025-2026Matchweek 1,Premier-League
2025-08-24,16:30,Matchweek 2,Sun,Away,D,1,1,Fulham,1.6,1.7,47,27512,Bruno Fernandes,3-4-3,4-2-3-1,Chris Kavanagh,Match Report,,Manchester United,2025-2026,-0.09999999999999987,0,0.09999999999999987,2025-2026Matchweek 2,Premier-League
2025-08-30,15:00,Matchweek 3,Sat,Home,W,3,2,Burnley,3.6,1.2,62,74257,Bruno Fernandes,3-4-3,4-2-3-1,Samuel Barrott,Match Report,,Manchester United,2025-2026,2.4000000000000004,1,-1.4000000000000004,2025-2026Matchweek 3,Premier-League
2025-09-14,16:30,Matchweek 4,Sun,Away,L,0,3,Manchester City,1.2,2.7,54,52534,Bruno Fernandes,3-4-3,4-1-4-1,Anthony Taylor,Match Report,,Manchester United,2025-2026,-1.5000000000000002,-3,-1.4999999999999998,2025-2026Matchweek 4,Premier-League
2025-09-20,17:30,Matchweek 5,Sat,Home,W,2,1,Chelsea,1.8,0.4,42,74124,Bruno Fernandes,3-4-3,4-2-3-1,Peter Bankes,Match Report,,Manchester United,2025-2026,1.4,1,-0.3999999999999999,2025-2026Matchweek 5,Premier-League
2025-09-27,12:30,Matchweek 6,Sat,Away,L,1,3,Brentford,2.1,1.9,55,17193,Bruno Fernandes,3-4-3,4-2-3-1,Craig Pawson,Match Report,,Manchester United,2025-2026,0.20000000000000018,-2,-2.2,2025-2026Matchweek 6,Premier-League
2025-10-04,15:00,Matchweek 7,Sat,Home,W,2,0,Sunderland,1.8,0.7,50,74004,Bruno Fernandes,3-4-3,4-2-3-1,Stuart Attwell,Match Report,,Manchester United,2025-2026,1.1,2,0.8999999999999999,2025-2026Matchweek 7,Premier-League
2025-10-19,16:30,Matchweek 8,Sun,Away,W,2,1,Liverpool,1.3,2.6,36,60337,Bruno Fernandes,3-4-3,4-2-3-1,Michael Oliver,Match Report,,Manchester United,2025-2026,-1.3,1,2.3,2025-2026Matchweek 8,Premier-League
2025-10-25,17:30,Matchweek 9,Sat,Home,W,4,2,Brighton,1.3,1.1,44,74124,Bruno Fernandes,3-4-3,4-2-3-1,Anthony Taylor,Match Report,,Manchester United,2025-2026,0.19999999999999996,2,1.8,2025-2026Matchweek 9,Premier-League
2025-11-01,15:00,Matchweek 10,Sat,Away,D,2,2,Nott'ham Forest,1.2,1.9,58,30778,Bruno Fernandes,3-4-3,4-2-3-1,Darren England,Match Report,,Manchester United,2025-2026,-0.7,0,0.7,2025-2026Matchweek 10,Premier-League
2025-11-08,12:30,Matchweek 11,Sat,Away,D,2,2,Tottenham,0.8,0.9,46,61210,Bruno Fernandes,3-4-3,4-2-3-1,Samuel Barrott,Match Report,,Manchester United,2025-2026,-0.09999999999999998,0,0.09999999999999998,2025-2026Matchweek 11,Premier-League
2025-08-16,12:30,Matchweek 1,Sat,Away,D,0,0,Aston Villa,1.4,0.2,59,42526,Bruno Guimarães,4-3-3,4-2-3-1,Craig Pawson,Match Report,,Newcastle,2025-2026,1.2,0,-1.2,2025-2026Matchweek 1,Premier-League
2025-08-25,20:00,Matchweek 2,Mon,Home,L,2,3,Liverpool,1.0,0.7,38,52230,Bruno Guimarães,4-3-3,4-2-3-1,Simon Hooper,Match Report,,Newcastle,2025-2026,0.30000000000000004,-1,-1.3,2025-2026Matchweek 2,Premier-League
2025-08-30,17:30,Matchweek 3,Sat,Away,D,0,0,Leeds United,0.5,0.7,57,36727,Bruno Guimarães,5-3-2,4-3-3,Peter Bankes,Match Report,,Newcastle,2025-2026,-0.19999999999999996,0,0.19999999999999996,2025-2026Matchweek 3,Premier-League
2025-09-13,15:00,Matchweek 4,Sat,Home,W,1,0,Wolves,1.5,0.5,57,52145,Bruno Guimarães,4-3-3,3-5-2,Chris Kavanagh,Match Report,,Newcastle,2025-2026,1.0,1,0.0,2025-2026Matchweek 4,Premier-League
2025-09-21,14:00,Matchweek 5,Sun,Away,D,0,0,Bournemouth,0.2,0.5,45,11212,Dan Burn,3-4-3,4-2-3-1,Robert Jones,Match Report,,Newcastle,2025-2026,-0.3,0,0.3,2025-2026Matchweek 5,Premier-League
2025-09-28,16:30,Matchweek 6,Sun,Home,L,1,2,Arsenal,0.6,2.0,37,52199,Bruno Guimarães,4-3-3,4-2-3-1,Jarred Gillett,Match Report,,Newcastle,2025-2026,-1.4,-1,0.3999999999999999,2025-2026Matchweek 6,Premier-League
2025-10-05,14:00,Matchweek 7,Sun,Home,W,2,0,Nott'ham Forest,3.2,0.2,52,52189,Bruno Guimarães,4-3-3,3-4-3,Peter Bankes,Match Report,,Newcastle,2025-2026,3.0,2,-1.0,2025-2026Matchweek 7,Premier-League
2025-10-18,15:00,Matchweek 8,Sat,Away,L,1,2,Brighton,1.4,0.9,55,31620,Bruno Guimarães,4-3-3,4-2-3-1,Craig Pawson,Match Report,,Newcastle,2025-2026,0.4999999999999999,-1,-1.5,2025-2026Matchweek 8,Premier-League
2025-10-25,15:00,Matchweek 9,Sat,Home,W,2,1,Fulham,2.1,1.3,51,52152,Bruno Guimarães,4-3-3,4-2-3-1,Peter Bankes,Match Report,,Newcastle,2025-2026,0.8,1,0.19999999999999996,2025-2026Matchweek 9,Premier-League
2025-11-02,14:00,Matchweek 10,Sun,Away,L,1,3,West Ham,0.5,1.7,62,62441,Bruno Guimarães,4-3-3,4-3-3,Robert Jones,Match Report,,Newcastle,2025-2026,-1.2,-2,-0.8,2025-2026Matchweek 10,Premier-League
2025-11-09,14:00,Matchweek 11,Sun,Away,L,1,3,Brentford,0.4,2.3,50,17207,Bruno Guimarães,4-3-3,4-2-3-1,Stuart Attwell,Match Report,,Newcastle,2025-2026,-1.9,-2,-0.10000000000000009,2025-2026Matchweek 11,Premier-League
2025-08-17,14:00,Matchweek 1,Sun,Home,W,3,1,Brentford,1.8,1.4,54,29949,Morgan Gibbs-White,4-2-3-1,4-2-3-1,Peter Bankes,Match Report,,Nottingham Forest,2025-2026,0.40000000000000013,2,1.5999999999999999,2025-2026Matchweek 1,Premier-League
2025-08-24,14:00,Matchweek 2,Sun,Away,D,1,1,Crystal Palace,0.9,1.1,58,24876,Morgan Gibbs-White,4-2-3-1,3-4-3,Anthony Taylor,Match Report,,Nottingham Forest,2025-2026,-0.20000000000000007,0,0.20000000000000007,2025-2026Matchweek 2,Premier-League
2025-08-31,14:00,Matchweek 3,Sun,Home,L,0,3,West Ham,0.7,2.4,58,30215,Morgan Gibbs-White,4-2-3-1,4-2-3-1,Craig Pawson,Match Report,,Nottingham Forest,2025-2026,-1.7,-3,-1.3,2025-2026Matchweek 3,Premier-League
2025-09-13,12:30,Matchweek 4,Sat,Away,L,0,3,Arsenal,0.2,1.8,46,60167,Morgan Gibbs-White,4-2-3-1,4-3-3,Darren England,Match Report,,Nottingham Forest,2025-2026,-1.6,-3,-1.4,2025-2026Matchweek 4,Premier-League
2025-09-20,15:00,Matchweek 5,Sat,Away,D,1,1,Burnley,1.1,0.9,63,21475,Morgan Gibbs-White,4-2-3-1,5-4-1,Thomas Bramall,Match Report,,Nottingham Forest,2025-2026,0.20000000000000007,0,-0.20000000000000007,2025-2026Matchweek 5,Premier-League
2025-09-27,17:30,Matchweek 6,Sat,Home,L,0,1,Sunderland,1.6,1.6,65,30226,Chris Wood,4-2-3-1,4-2-3-1,Tony Harrington,Match Report,,Nottingham Forest,2025-2026,0.0,-1,-1.0,2025-2026Matchweek 6,Premier-League
2025-10-05,14:00,Matchweek 7,Sun,Away,L,0,2,Newcastle Utd,0.2,3.2,48,52189,Ryan Yates,3-4-3,4-3-3,Peter Bankes,Match Report,,Nottingham Forest,2025-2026,-3.0,-2,1.0,2025-2026Matchweek 7,Premier-League
2025-10-18,12:30,Matchweek 8,Sat,Home,L,0,3,Chelsea,2.2,1.7,50,30495,Morgan Gibbs-White,5-3-2,4-2-3-1,Chris Kavanagh,Match Report,,Nottingham Forest,2025-2026,0.5000000000000002,-3,-3.5,2025-2026Matchweek 8,Premier-League
2025-10-26,14:00,Matchweek 9,Sun,Away,L,0,2,Bournemouth,0.4,0.6,48,11204,Morgan Gibbs-White,4-2-3-1,4-2-3-1,Samuel Barrott,Match Report,,Nottingham Forest,2025-2026,-0.19999999999999996,-2,-1.8,2025-2026Matchweek 9,Premier-League
2025-11-01,15:00,Matchweek 10,Sat,Home,D,2,2,Manchester Utd,1.9,1.2,42,30778,Morgan Gibbs-White,4-2-3-1,3-4-3,Darren England,Match Report,,Nottingham Forest,2025-2026,0.7,0,-0.7,2025-2026Matchweek 10,Premier-League
2025-11-09,14:00,Matchweek 11,Sun,Home,W,3,1,Leeds United,2.5,0.7,46,30708,Morgan Gibbs-White,4-2-3-1,4-3-3,Jarred Gillett,Match Report,,Nottingham Forest,2025-2026,1.8,2,0.19999999999999996,2025-2026Matchweek 11,Premier-League
2025-08-16,15:00,Matchweek 1,Sat,Home,W,3,0,Burnley,2.3,0.9,66,61077,Cristian Romero,4-3-3,5-4-1,Michael Oliver,Match Report,,Tottenham,2025-2026,1.4,3,1.6,2025-2026Matchweek 1,Premier-League
2025-08-23,12:30,Matchweek 2,Sat,Away,W,2,0,Manchester City,1.1,1.6,39,51785,Cristian Romero,4-3-3,4-1-4-1,Peter Bankes,Match Report,,Tottenham,2025-2026,-0.5,2,2.5,2025-2026Matchweek 2,Premier-League
2025-08-30,15:00,Matchweek 3,Sat,Home,L,0,1,Bournemouth,0.2,1.5,61,61250,Cristian Romero,4-3-3,4-2-3-1,Simon Hooper,Match Report,,Tottenham,2025-2026,-1.3,-1,0.30000000000000004,2025-2026Matchweek 3,Premier-League
2025-09-13,17:30,Matchweek 4,Sat,Away,W,3,0,West Ham,1.3,0.6,64,62459,Cristian Romero,4-3-3,4-2-3-1,Jarred Gillett,Match Report,,Tottenham,2025-2026,0.7000000000000001,3,2.3,2025-2026Matchweek 4,Premier-League
2025-09-20,15:00,Matchweek 5,Sat,Away,D,2,2,Brighton,1.2,1.3,64,31488,Cristian Romero,4-3-3,4-2-3-1,Chris Kavanagh,Match Report,,Tottenham,2025-2026,-0.10000000000000009,0,0.10000000000000009,2025-2026Matchweek 5,Premier-League
2025-09-27,20:00,Matchweek 6,Sat,Home,D,1,1,Wolves,0.8,1.1,51,60537,Cristian Romero,4-2-3-1,4-3-3,Michael Salisbury,Match Report,,Tottenham,2025-2026,-0.30000000000000004,0,0.30000000000000004,2025-2026Matchweek 6,Premier-League
2025-10-04,12:30,Matchweek 7,Sat,Away,W,2,1,Leeds United,0.6,1.7,44,36703,Cristian Romero,4-2-3-1,4-3-3,Thomas Bramall,Match Report,,Tottenham,2025-2026,-1.1,1,2.1,2025-2026Matchweek 7,Premier-League
2025-10-19,14:00,Matchweek 8,Sun,Home,L,1,2,Aston Villa,0.9,0.3,53,61291,Micky van de Ven,4-2-3-1,4-2-3-1,Simon Hooper,Match Report,,Tottenham,2025-2026,0.6000000000000001,-1,-1.6,2025-2026Matchweek 8,Premier-League
2025-10-26,16:30,Matchweek 9,Sun,Away,W,3,0,Everton,1.7,1.7,47,51781,Micky van de Ven,4-2-3-1,4-2-3-1,Craig Pawson,Match Report,,Tottenham,2025-2026,0.0,3,3.0,2025-2026Matchweek 9,Premier-League
2025-11-01,17:30,Matchweek 10,Sat,Home,L,0,1,Chelsea,0.1,3.7,48,61202,Micky van de Ven,4-2-3-1,4-2-3-1,Jarred Gillett,Match Report,,Tottenham,2025-2026,-3.6,-1,2.6,2025-2026Matchweek 10,Premier-League
2025-11-08,12:30,Matchweek 11,Sat,Home,D,2,2,Manchester Utd,0.9,0.8,54,61210,Cristian Romero,4-2-3-1,3-4-3,Samuel Barrott,Match Report,,Tottenham,2025-2026,0.09999999999999998,0,-0.09999999999999998,2025-2026Matchweek 11,Premier-League
2025-08-16,15:00,Matchweek 1,Sat,Away,L,0,3,Sunderland,0.6,0.7,63,46233,Jarrod Bowen,3-4-1-2,4-3-3,Robert Jones,Match Report,,West Ham,2025-2026,-0.09999999999999998,-3,-2.9,2025-2026Matchweek 1,Premier-League
2025-08-22,20:00,Matchweek 2,Fri,Home,L,1,5,Chelsea,0.7,2.7,42,62462,Jarrod Bowen,3-4-1-2,4-2-3-1,Michael Oliver,Match Report,,West Ham,2025-2026,-2.0,-4,-2.0,2025-2026Matchweek 2,Premier-League
2025-08-31,14:00,Matchweek 3,Sun,Away,W,3,0,Nott'ham Forest,2.4,0.7,42,30215,Jarrod Bowen,4-2-3-1,4-2-3-1,Craig Pawson,Match Report,,West Ham,2025-2026,1.7,3,1.3,2025-2026Matchweek 3,Premier-League
2025-09-13,17:30,Matchweek 4,Sat,Home,L,0,3,Tottenham,0.6,1.3,36,62459,Jarrod Bowen,4-2-3-1,4-3-3,Jarred Gillett,Match Report,,West Ham,2025-2026,-0.7000000000000001,-3,-2.3,2025-2026Matchweek 4,Premier-League
2025-09-20,15:00,Matchweek 5,Sat,Home,L,1,2,Crystal Palace,0.6,2.1,57,62455,Jarrod Bowen,4-3-3,3-4-3,Tony Harrington,Match Report,,West Ham,2025-2026,-1.5,-1,0.5,2025-2026Matchweek 5,Premier-League
2025-09-29,20:00,Matchweek 6,Mon,Away,D,1,1,Everton,1.2,0.7,49,51890,Jarrod Bowen,4-1-4-1,4-2-3-1,Samuel Barrott,Match Report,,West Ham,2025-2026,0.5,0,-0.5,2025-2026Matchweek 6,Premier-League
2025-10-04,15:00,Matchweek 7,Sat,Away,L,0,2,Arsenal,0.4,2.8,33,60181,Jarrod Bowen,4-1-4-1,4-3-3,John Brooks,Match Report,,West Ham,2025-2026,-2.4,-2,0.3999999999999999,2025-2026Matchweek 7,Premier-League
2025-10-20,20:00,Matchweek 8,Mon,Home,L,0,2,Brentford,0.4,2.3,44,62452,Jarrod Bowen,4-2-3-1,4-2-3-1,Andy Madley,Match Report,,West Ham,2025-2026,-1.9,-2,-0.10000000000000009,2025-2026Matchweek 8,Premier-League
2025-10-24,20:00,Matchweek 9,Fri,Away,L,1,2,Leeds United,0.6,1.5,59,36788,Jarrod Bowen,3-4-3,4-3-3,Stuart Attwell,Match Report,,West Ham,2025-2026,-0.9,-1,-0.09999999999999998,2025-2026Matchweek 9,Premier-League
2025-11-02,14:00,Matchweek 10,Sun,Home,W,3,1,Newcastle Utd,1.7,0.5,38,62441,Jarrod Bowen,4-3-3,4-3-3,Robert Jones,Match Report,,West Ham,2025-2026,1.2,2,0.8,2025-2026Matchweek 10,Premier-League
2025-11-08,15:00,Matchweek 11,Sat,Home,W,3,2,Burnley,3.0,1.0,43,62449,Jarrod Bowen,4-3-3,4-2-3-1,Michael Salisbury,Match Report,,West Ham,2025-2026,2.0,1,-1.0,2025-2026Matchweek 11,Premier-League
2025-08-16,17:30,Matchweek 1,Sat,Home,L,0,4,Manchester City,0.6,2.4,42,31456,Toti Gomes,3-4-3,4-3-3,Jarred Gillett,Match Report,,Wolves,2025-2026,-1.7999999999999998,-4,-2.2,2025-2026Matchweek 1,Premier-League
2025-08-23,15:00,Matchweek 2,Sat,Away,L,0,1,Bournemouth,0.5,1.3,41,11070,Toti Gomes,3-4-3,4-1-4-1,Thomas Bramall,Match Report,,Wolves,2025-2026,-0.8,-1,-0.19999999999999996,2025-2026Matchweek 2,Premier-League
2025-08-30,15:00,Matchweek 3,Sat,Home,L,2,3,Everton,1.1,1.9,58,30271,Toti Gomes,3-4-3,4-2-3-1,Michael Oliver,Match Report,,Wolves,2025-2026,-0.7999999999999998,-1,-0.20000000000000018,2025-2026Matchweek 3,Premier-League
2025-09-13,15:00,Matchweek 4,Sat,Away,L,0,1,Newcastle Utd,0.5,1.5,43,52145,Toti Gomes,3-5-2,4-3-3,Chris Kavanagh,Match Report,,Wolves,2025-2026,-1.0,-1,0.0,2025-2026Matchweek 4,Premier-League
2025-09-20,15:00,Matchweek 5,Sat,Home,L,1,3,Leeds United,1.8,0.5,56,30807,Toti Gomes,3-4-3,4-3-3,Anthony Taylor,Match Report,,Wolves,2025-2026,1.3,-2,-3.3,2025-2026Matchweek 5,Premier-League
2025-09-27,20:00,Matchweek 6,Sat,Away,D,1,1,Tottenham,1.1,0.8,49,60537,Matt Doherty,4-3-3,4-2-3-1,Michael Salisbury,Match Report,,Wolves,2025-2026,0.30000000000000004,0,-0.30000000000000004,2025-2026Matchweek 6,Premier-League
2025-10-05,14:00,Matchweek 7,Sun,Home,D,1,1,Brighton,0.6,0.9,41,29504,João Gomes,4-3-3,4-2-3-1,Jarred Gillett,Match Report,,Wolves,2025-2026,-0.30000000000000004,0,0.30000000000000004,2025-2026Matchweek 7,Premier-League
2025-10-18,15:00,Matchweek 8,Sat,Away,L,0,2,Sunderland,0.8,0.6,59,46578,Matt Doherty,4-3-3,4-2-3-1,Robert Jones,Match Report,,Wolves,2025-2026,0.20000000000000007,-2,-2.2,2025-2026Matchweek 8,Premier-League
2025-10-26,14:00,Matchweek 9,Sun,Home,L,2,3,Burnley,2.3,1.4,57,29116,Jørgen Strand Larsen,4-3-3,4-2-3-1,Tony Harrington,Match Report,,Wolves,2025-2026,0.8999999999999999,-1,-1.9,2025-2026Matchweek 9,Premier-League
2025-11-01,15:00,Matchweek 10,Sat,Away,L,0,3,Fulham,0.2,1.3,36,26413,Toti Gomes,5-3-2,4-2-3-1,John Brooks,Match Report,,Wolves,2025-2026,-1.1,-3,-1.9,2025-2026Matchweek 10,Premier-League
2025-11-08,20:00,Matchweek 11,Sat,Away,L,0,3,Chelsea,0.2,3.3,37,39467,Toti Gomes,5-3-2,4-2-3-1,Andrew Kitchen,Match Report,,Wolves,2025-2026,-3.0999999999999996,-3,0.09999999999999964,2025-2026Matchweek 11,Premier-League
